"productkey","productsubcategorykey","standardcost","color","listprice","size","weight","dealerprice","class","modelname","startdate","enddate","productcategorykey","category_name","productsubcategorykey-2","subcategory_name","product_name"
"325","2","486.7066","Red","782.99","62","20","469.794","L ","Road-650",NULL,NULL,"1","Bikes","2","Road Bikes","Road-650 Red, 62"
"326","2","413.1463","Red","699.0982","44","18.77","419.4589","L ","Road-650",NULL,NULL,"1","Bikes","2","Road Bikes","Road-650 Red, 44"
"327","2","486.7066","Red","782.99","44","18.77","469.794","L ","Road-650",NULL,NULL,"1","Bikes","2","Road Bikes","Road-650 Red, 44"
"567","3","461.4448","Blue","742.35","62","30","445.41","L ","Touring-3000",NULL,NULL,"1","Bikes","3","Touring Bikes","Touring-3000 Blue, 62"
"328","2","413.1463","Red","699.0982","48","19.13","419.4589","L ","Road-650",NULL,NULL,"1","Bikes","2","Road Bikes","Road-650 Red, 48"
"329","2","486.7066","Red","782.99","48","19.13","469.794","L ","Road-650",NULL,NULL,"1","Bikes","2","Road Bikes","Road-650 Red, 48"
"330","2","413.1463","Red","699.0982","52","19.42","419.4589","L ","Road-650",NULL,NULL,"1","Bikes","2","Road Bikes","Road-650 Red, 52"
"566","3","461.4448","Blue","742.35","58","29.9","445.41","L ","Touring-3000",NULL,NULL,"1","Bikes","3","Touring Bikes","Touring-3000 Blue, 58"
"331","2","486.7066","Red","782.99","52","19.42","469.794","L ","Road-650",NULL,NULL,"1","Bikes","2","Road Bikes","Road-650 Red, 52"
"332","2","413.1463","Black","699.0982","58","19.79","419.4589","L ","Road-650",NULL,NULL,"1","Bikes","2","Road Bikes","Road-650 Black, 58"
"333","2","486.7066","Black","782.99","58","19.79","469.794","L ","Road-650",NULL,NULL,"1","Bikes","2","Road Bikes","Road-650 Black, 58"
"565","3","461.4448","Blue","742.35","54","29.68","445.41","L ","Touring-3000",NULL,NULL,"1","Bikes","3","Touring Bikes","Touring-3000 Blue, 54"
"334","2","413.1463","Black","699.0982","60","19.9","419.4589","L ","Road-650",NULL,NULL,"1","Bikes","2","Road Bikes","Road-650 Black, 60"
"335","2","486.7066","Black","782.99","60","19.9","469.794","L ","Road-650",NULL,NULL,"1","Bikes","2","Road Bikes","Road-650 Black, 60"
"336","2","413.1463","Black","699.0982","62","20","419.4589","L ","Road-650",NULL,NULL,"1","Bikes","2","Road Bikes","Road-650 Black, 62"
"564","3","1481.9379","Yellow","2384.07","60","25.9","1430.442","H ","Touring-1000",NULL,NULL,"1","Bikes","3","Touring Bikes","Touring-1000 Yellow, 60"
"337","2","486.7066","Black","782.99","62","20","469.794","L ","Road-650",NULL,NULL,"1","Bikes","2","Road Bikes","Road-650 Black, 62"
"338","2","413.1463","Black","699.0982","44","18.77","419.4589","L ","Road-650",NULL,NULL,"1","Bikes","2","Road Bikes","Road-650 Black, 44"
"339","2","486.7066","Black","782.99","44","18.77","469.794","L ","Road-650",NULL,NULL,"1","Bikes","2","Road Bikes","Road-650 Black, 44"
"563","3","1481.9379","Yellow","2384.07","54","25.68","1430.442","H ","Touring-1000",NULL,NULL,"1","Bikes","3","Touring Bikes","Touring-1000 Yellow, 54"
"340","2","413.1463","Black","699.0982","48","19.13","419.4589","L ","Road-650",NULL,NULL,"1","Bikes","2","Road Bikes","Road-650 Black, 48"
"341","2","486.7066","Black","782.99","48","19.13","469.794","L ","Road-650",NULL,NULL,"1","Bikes","2","Road Bikes","Road-650 Black, 48"
"342","2","413.1463","Black","699.0982","52","19.42","419.4589","L ","Road-650",NULL,NULL,"1","Bikes","2","Road Bikes","Road-650 Black, 52"
"562","3","1481.9379","Yellow","2384.07","50","25.42","1430.442","H ","Touring-1000",NULL,NULL,"1","Bikes","3","Touring Bikes","Touring-1000 Yellow, 50"
"343","2","486.7066","Black","782.99","52","19.42","469.794","L ","Road-650",NULL,NULL,"1","Bikes","2","Road Bikes","Road-650 Black, 52"
"344","1","1912.1544","Silver","3399.99","38","20.35","2039.994","H ","Mountain-100",NULL,NULL,"1","Bikes","1","Mountain Bikes","Mountain-100 Silver, 38"
"345","1","1912.1544","Silver","3399.99","42","20.77","2039.994","H ","Mountain-100",NULL,NULL,"1","Bikes","1","Mountain Bikes","Mountain-100 Silver, 42"
"561","3","1481.9379","Yellow","2384.07","46","25.13","1430.442","H ","Touring-1000",NULL,NULL,"1","Bikes","3","Touring Bikes","Touring-1000 Yellow, 46"
"346","1","1912.1544","Silver","3399.99","44","21.13","2039.994","H ","Mountain-100",NULL,NULL,"1","Bikes","1","Mountain Bikes","Mountain-100 Silver, 44"
"347","1","1912.1544","Silver","3399.99","48","21.42","2039.994","H ","Mountain-100",NULL,NULL,"1","Bikes","1","Mountain Bikes","Mountain-100 Silver, 48"
"348","1","1898.0944","Black","3374.99","38","20.35","2024.994","H ","Mountain-100",NULL,NULL,"1","Bikes","1","Mountain Bikes","Mountain-100 Black, 38"
"349","1","1898.0944","Black","3374.99","42","20.77","2024.994","H ","Mountain-100",NULL,NULL,"1","Bikes","1","Mountain Bikes","Mountain-100 Black, 42"
"350","1","1898.0944","Black","3374.99","44","21.13","2024.994","H ","Mountain-100",NULL,NULL,"1","Bikes","1","Mountain Bikes","Mountain-100 Black, 44"
"351","1","1898.0944","Black","3374.99","48","21.42","2024.994","H ","Mountain-100",NULL,NULL,"1","Bikes","1","Mountain Bikes","Mountain-100 Black, 48"
"352","1","1117.8559","Silver","2071.4196","38","23.35","1242.8518","H ","Mountain-200",NULL,NULL,"1","Bikes","1","Mountain Bikes","Mountain-200 Silver, 38"
"353","1","1265.6195","Silver","2319.99","38","23.35","1391.994","H ","Mountain-200",NULL,NULL,"1","Bikes","1","Mountain Bikes","Mountain-200 Silver, 38"
"354","1","1117.8559","Silver","2071.4196","42","23.77","1242.8518","H ","Mountain-200",NULL,NULL,"1","Bikes","1","Mountain Bikes","Mountain-200 Silver, 42"
"355","1","1265.6195","Silver","2319.99","42","23.77","1391.994","H ","Mountain-200",NULL,NULL,"1","Bikes","1","Mountain Bikes","Mountain-200 Silver, 42"
"356","1","1117.8559","Silver","2071.4196","46","24.13","1242.8518","H ","Mountain-200",NULL,NULL,"1","Bikes","1","Mountain Bikes","Mountain-200 Silver, 46"
"357","1","1265.6195","Silver","2319.99","46","24.13","1391.994","H ","Mountain-200",NULL,NULL,"1","Bikes","1","Mountain Bikes","Mountain-200 Silver, 46"
"358","1","1105.81","Black","2049.0982","38","23.35","1229.4589","H ","Mountain-200",NULL,NULL,"1","Bikes","1","Mountain Bikes","Mountain-200 Black, 38"
"359","1","1251.9813","Black","2294.99","38","23.35","1376.994","H ","Mountain-200",NULL,NULL,"1","Bikes","1","Mountain Bikes","Mountain-200 Black, 38"
"360","1","1105.81","Black","2049.0982","42","23.77","1229.4589","H ","Mountain-200",NULL,NULL,"1","Bikes","1","Mountain Bikes","Mountain-200 Black, 42"
"361","1","1251.9813","Black","2294.99","42","23.77","1376.994","H ","Mountain-200",NULL,NULL,"1","Bikes","1","Mountain Bikes","Mountain-200 Black, 42"
"362","1","1105.81","Black","2049.0982","46","24.13","1229.4589","H ","Mountain-200",NULL,NULL,"1","Bikes","1","Mountain Bikes","Mountain-200 Black, 46"
"363","1","1251.9813","Black","2294.99","46","24.13","1376.994","H ","Mountain-200",NULL,NULL,"1","Bikes","1","Mountain Bikes","Mountain-200 Black, 46"
"364","1","598.4354","Black","1079.99","38","25.35","647.994","M ","Mountain-300",NULL,NULL,"1","Bikes","1","Mountain Bikes","Mountain-300 Black, 38"
"365","1","598.4354","Black","1079.99","40","25.77","647.994","M ","Mountain-300",NULL,NULL,"1","Bikes","1","Mountain Bikes","Mountain-300 Black, 40"
"366","1","598.4354","Black","1079.99","44","26.13","647.994","M ","Mountain-300",NULL,NULL,"1","Bikes","1","Mountain Bikes","Mountain-300 Black, 44"
"367","1","598.4354","Black","1079.99","48","26.42","647.994","M ","Mountain-300",NULL,NULL,"1","Bikes","1","Mountain Bikes","Mountain-300 Black, 48"
"368","2","1518.7864","Red","2443.35","44","14.77","1466.01","H ","Road-250",NULL,NULL,"1","Bikes","2","Road Bikes","Road-250 Red, 44"
"560","3","755.1508","Blue","1214.85","60","27.9","728.91","M ","Touring-2000",NULL,NULL,"1","Bikes","3","Touring Bikes","Touring-2000 Blue, 60"
"369","2","1518.7864","Red","2443.35","48","15.13","1466.01","H ","Road-250",NULL,NULL,"1","Bikes","2","Road Bikes","Road-250 Red, 48"
"370","2","1518.7864","Red","2443.35","52","15.42","1466.01","H ","Road-250",NULL,NULL,"1","Bikes","2","Road Bikes","Road-250 Red, 52"
"371","2","1320.6838","Red","2181.5625","58","15.79","1308.9375","H ","Road-250",NULL,NULL,"1","Bikes","2","Road Bikes","Road-250 Red, 58"
"372","2","1554.9479","Red","2443.35","58","15.79","1466.01","H ","Road-250",NULL,NULL,"1","Bikes","2","Road Bikes","Road-250 Red, 58"
"373","2","1320.6838","Black","2181.5625","44","14.77","1308.9375","H ","Road-250",NULL,NULL,"1","Bikes","2","Road Bikes","Road-250 Black, 44"
"374","2","1554.9479","Black","2443.35","44","14.77","1466.01","H ","Road-250",NULL,NULL,"1","Bikes","2","Road Bikes","Road-250 Black, 44"
"375","2","1320.6838","Black","2181.5625","48","15.13","1308.9375","H ","Road-250",NULL,NULL,"1","Bikes","2","Road Bikes","Road-250 Black, 48"
"376","2","1554.9479","Black","2443.35","48","15.13","1466.01","H ","Road-250",NULL,NULL,"1","Bikes","2","Road Bikes","Road-250 Black, 48"
"377","2","1320.6838","Black","2181.5625","52","15.42","1308.9375","H ","Road-250",NULL,NULL,"1","Bikes","2","Road Bikes","Road-250 Black, 52"
"378","2","1554.9479","Black","2443.35","52","15.42","1466.01","H ","Road-250",NULL,NULL,"1","Bikes","2","Road Bikes","Road-250 Black, 52"
"379","2","1320.6838","Black","2181.5625","58","15.68","1308.9375","H ","Road-250",NULL,NULL,"1","Bikes","2","Road Bikes","Road-250 Black, 58"
"390","2","713.0798","Yellow","1120.49","48","18.68","672.294","M ","Road-550-W",NULL,NULL,"1","Bikes","2","Road Bikes","Road-550-W Yellow, 48"
"380","2","1554.9479","Black","2443.35","58","15.68","1466.01","H ","Road-250",NULL,NULL,"1","Bikes","2","Road Bikes","Road-250 Black, 58"
"381","2","605.6492","Yellow","1000.4375","38","17.35","600.2625","M ","Road-550-W",NULL,NULL,"1","Bikes","2","Road Bikes","Road-550-W Yellow, 38"
"382","2","713.0798","Yellow","1120.49","38","17.35","672.294","M ","Road-550-W",NULL,NULL,"1","Bikes","2","Road Bikes","Road-550-W Yellow, 38"
"389","2","605.6492","Yellow","1000.4375","48","18.68","600.2625","M ","Road-550-W",NULL,NULL,"1","Bikes","2","Road Bikes","Road-550-W Yellow, 48"
"383","2","605.6492","Yellow","1000.4375","40","17.77","600.2625","M ","Road-550-W",NULL,NULL,"1","Bikes","2","Road Bikes","Road-550-W Yellow, 40"
"384","2","713.0798","Yellow","1120.49","40","17.77","672.294","M ","Road-550-W",NULL,NULL,"1","Bikes","2","Road Bikes","Road-550-W Yellow, 40"
"385","2","605.6492","Yellow","1000.4375","42","18.13","600.2625","M ","Road-550-W",NULL,NULL,"1","Bikes","2","Road Bikes","Road-550-W Yellow, 42"
"388","2","713.0798","Yellow","1120.49","44","18.42","672.294","M ","Road-550-W",NULL,NULL,"1","Bikes","2","Road Bikes","Road-550-W Yellow, 44"
"386","2","713.0798","Yellow","1120.49","42","18.13","672.294","M ","Road-550-W",NULL,NULL,"1","Bikes","2","Road Bikes","Road-550-W Yellow, 42"
"387","2","605.6492","Yellow","1000.4375","44","18.42","600.2625","M ","Road-550-W",NULL,NULL,"1","Bikes","2","Road Bikes","Road-550-W Yellow, 44"
"583","2","1082.51","Yellow","1700.99","48","16.42","1020.594","M ","Road-350-W",NULL,NULL,"1","Bikes","2","Road Bikes","Road-350-W Yellow, 48"
"582","2","1082.51","Yellow","1700.99","44","16.13","1020.594","M ","Road-350-W",NULL,NULL,"1","Bikes","2","Road Bikes","Road-350-W Yellow, 44"
"581","2","1082.51","Yellow","1700.99","42","15.77","1020.594","M ","Road-350-W",NULL,NULL,"1","Bikes","2","Road Bikes","Road-350-W Yellow, 42"
"580","2","1082.51","Yellow","1700.99","40","15.35","1020.594","M ","Road-350-W",NULL,NULL,"1","Bikes","2","Road Bikes","Road-350-W Yellow, 40"
"579","3","755.1508","Blue","1214.85","54","27.68","728.91","M ","Touring-2000",NULL,NULL,"1","Bikes","3","Touring Bikes","Touring-2000 Blue, 54"
"578","3","755.1508","Blue","1214.85","50","27.42","728.91","M ","Touring-2000",NULL,NULL,"1","Bikes","3","Touring Bikes","Touring-2000 Blue, 50"
"606","2","343.6496","Black","539.99","52","20.42","323.994","L ","Road-750",NULL,NULL,"1","Bikes","2","Road Bikes","Road-750 Black, 52"
"605","2","343.6496","Black","539.99","48","20.13","323.994","L ","Road-750",NULL,NULL,"1","Bikes","2","Road Bikes","Road-750 Black, 48"
"604","2","343.6496","Black","539.99","44","19.77","323.994","L ","Road-750",NULL,NULL,"1","Bikes","2","Road Bikes","Road-750 Black, 44"
"600","1","294.5797","Black","539.99","52","28.68","323.994","L ","Mountain-500","2022-07-01",NULL,"1","Bikes","1","Mountain Bikes","Mountain-500 Black, 52"
"599","1","294.5797","Black","539.99","48","28.42","323.994","L ","Mountain-500","2022-07-01",NULL,"1","Bikes","1","Mountain Bikes","Mountain-500 Black, 48"
"598","1","294.5797","Black","539.99","44","28.13","323.994","L ","Mountain-500","2022-07-01",NULL,"1","Bikes","1","Mountain Bikes","Mountain-500 Black, 44"
"597","1","294.5797","Black","539.99","42","27.77","323.994","L ","Mountain-500","2022-07-01",NULL,"1","Bikes","1","Mountain Bikes","Mountain-500 Black, 42"
"577","3","755.1508","Blue","1214.85","46","27.13","728.91","M ","Touring-2000",NULL,NULL,"1","Bikes","3","Touring Bikes","Touring-2000 Blue, 46"
"596","1","294.5797","Black","539.99","40","27.35","323.994","L ","Mountain-500","2022-07-01",NULL,"1","Bikes","1","Mountain Bikes","Mountain-500 Black, 40"
"595","1","308.2179","Silver","564.99","52","28.68","338.994","L ","Mountain-500","2022-07-01",NULL,"1","Bikes","1","Mountain Bikes","Mountain-500 Silver, 52"
"594","1","308.2179","Silver","564.99","48","28.42","338.994","L ","Mountain-500","2022-07-01",NULL,"1","Bikes","1","Mountain Bikes","Mountain-500 Silver, 48"
"576","3","1481.9379","Blue","2384.07","60","25.9","1430.442","H ","Touring-1000",NULL,NULL,"1","Bikes","3","Touring Bikes","Touring-1000 Blue, 60"
"593","1","308.2179","Silver","564.99","44","28.13","338.994","L ","Mountain-500","2022-07-01",NULL,"1","Bikes","1","Mountain Bikes","Mountain-500 Silver, 44"
"592","1","308.2179","Silver","564.99","42","27.77","338.994","L ","Mountain-500","2022-07-01",NULL,"1","Bikes","1","Mountain Bikes","Mountain-500 Silver, 42"
"591","1","308.2179","Silver","564.99","40","27.35","338.994","L ","Mountain-500","2022-07-01",NULL,"1","Bikes","1","Mountain Bikes","Mountain-500 Silver, 40"
"575","3","1481.9379","Blue","2384.07","54","25.68","1430.442","H ","Touring-1000",NULL,NULL,"1","Bikes","3","Touring Bikes","Touring-1000 Blue, 54"
"590","1","419.7784","Silver","769.49","46","27.42","461.694","M ","Mountain-400-W",NULL,NULL,"1","Bikes","1","Mountain Bikes","Mountain-400-W Silver, 46"
"589","1","419.7784","Silver","769.49","42","27.13","461.694","M ","Mountain-400-W",NULL,NULL,"1","Bikes","1","Mountain Bikes","Mountain-400-W Silver, 42"
"588","1","419.7784","Silver","769.49","40","26.77","461.694","M ","Mountain-400-W",NULL,NULL,"1","Bikes","1","Mountain Bikes","Mountain-400-W Silver, 40"
"574","3","1481.9379","Blue","2384.07","50","25.42","1430.442","H ","Touring-1000",NULL,NULL,"1","Bikes","3","Touring Bikes","Touring-1000 Blue, 50"
"573","3","1481.9379","Blue","2384.07","46","25.13","1430.442","H ","Touring-1000",NULL,NULL,"1","Bikes","3","Touring Bikes","Touring-1000 Blue, 46"
"587","1","419.7784","Silver","769.49","38","26.35","461.694","M ","Mountain-400-W",NULL,NULL,"1","Bikes","1","Mountain Bikes","Mountain-400-W Silver, 38"
"586","3","461.4448","Blue","742.35","50","29.13","445.41","L ","Touring-3000",NULL,NULL,"1","Bikes","3","Touring Bikes","Touring-3000 Blue, 50"
"585","3","461.4448","Blue","742.35","44","28.77","445.41","L ","Touring-3000",NULL,NULL,"1","Bikes","3","Touring Bikes","Touring-3000 Blue, 44"
"572","3","461.4448","Yellow","742.35","62","30","445.41","L ","Touring-3000",NULL,NULL,"1","Bikes","3","Touring Bikes","Touring-3000 Yellow, 62"
"584","2","343.6496","Black","539.99","58","20.79","323.994","L ","Road-750",NULL,NULL,"1","Bikes","2","Road Bikes","Road-750 Black, 58"
"310","2","2171.2942","Red","3578.27","62","15","2146.962","H ","Road-150",NULL,NULL,"1","Bikes","2","Road Bikes","Road-150 Red, 62"
"311","2","2171.2942","Red","3578.27","44","13.77","2146.962","H ","Road-150",NULL,NULL,"1","Bikes","2","Road Bikes","Road-150 Red, 44"
"571","3","461.4448","Yellow","742.35","58","29.79","445.41","L ","Touring-3000",NULL,NULL,"1","Bikes","3","Touring Bikes","Touring-3000 Yellow, 58"
"312","2","2171.2942","Red","3578.27","48","14.13","2146.962","H ","Road-150",NULL,NULL,"1","Bikes","2","Road Bikes","Road-150 Red, 48"
"313","2","2171.2942","Red","3578.27","52","14.42","2146.962","H ","Road-150",NULL,NULL,"1","Bikes","2","Road Bikes","Road-150 Red, 52"
"314","2","2171.2942","Red","3578.27","56","14.68","2146.962","H ","Road-150",NULL,NULL,"1","Bikes","2","Road Bikes","Road-150 Red, 56"
"315","2","884.7083","Red","1457.99","58","17.79","874.794","M ","Road-450",NULL,NULL,"1","Bikes","2","Road Bikes","Road-450 Red, 58"
"316","2","884.7083","Red","1457.99","60","17.9","874.794","M ","Road-450",NULL,NULL,"1","Bikes","2","Road Bikes","Road-450 Red, 60"
"317","2","884.7083","Red","1457.99","44","16.77","874.794","M ","Road-450",NULL,NULL,"1","Bikes","2","Road Bikes","Road-450 Red, 44"
"318","2","884.7083","Red","1457.99","48","17.13","874.794","M ","Road-450",NULL,NULL,"1","Bikes","2","Road Bikes","Road-450 Red, 48"
"570","3","461.4448","Yellow","742.35","54","29.42","445.41","L ","Touring-3000",NULL,NULL,"1","Bikes","3","Touring Bikes","Touring-3000 Yellow, 54"
"319","2","884.7083","Red","1457.99","52","17.42","874.794","M ","Road-450",NULL,NULL,"1","Bikes","2","Road Bikes","Road-450 Red, 52"
"320","2","413.1463","Red","699.0982","58","19.79","419.4589","L ","Road-650",NULL,NULL,"1","Bikes","2","Road Bikes","Road-650 Red, 58"
"321","2","486.7066","Red","782.99","58","19.79","469.794","L ","Road-650",NULL,NULL,"1","Bikes","2","Road Bikes","Road-650 Red, 58"
"569","3","461.4448","Yellow","742.35","50","29.13","445.41","L ","Touring-3000",NULL,NULL,"1","Bikes","3","Touring Bikes","Touring-3000 Yellow, 50"
"322","2","413.1463","Red","699.0982","60","19.9","419.4589","L ","Road-650",NULL,NULL,"1","Bikes","2","Road Bikes","Road-650 Red, 60"
"323","2","486.7066","Red","782.99","60","19.9","469.794","L ","Road-650",NULL,NULL,"1","Bikes","2","Road Bikes","Road-650 Red, 60"
"324","2","413.1463","Red","699.0982","62","20","419.4589","L ","Road-650",NULL,NULL,"1","Bikes","2","Road Bikes","Road-650 Red, 62"
"568","3","461.4448","Yellow","742.35","44","28.77","445.41","L ","Touring-3000",NULL,NULL,"1","Bikes","3","Touring Bikes","Touring-3000 Yellow, 44"
"557","8","113.8816","Black","256.49",NULL,"635","153.894","M ","ML Crankset","2022-07-01",NULL,"2","Components","8","Cranksets","ML Crankset"
"211","14",NULL,"Red",NULL,"58","2.24",NULL,"H ","HL Road Frame","2012-07-01",NULL,"2","Components","14","Road Frames","HL Road Frame - Red, 58"
"238","14","747.9682","Red","1263.4598","62","2.3","758.0759","H ","HL Road Frame","2020-07-01","00:00.0","2","Components","14","Road Frames","HL Road Frame - Red, 62"
"239","14","722.2568","Red","1301.3636","62","2.3","780.8182","H ","HL Road Frame","2021-07-01","00:00.0","2","Components","14","Road Frames","HL Road Frame - Red, 62"
"240","14","868.6342","Red","1431.5","62","2.3","858.9","H ","HL Road Frame","2022-07-01",NULL,"2","Components","14","Road Frames","HL Road Frame - Red, 62"
"241","14","747.9682","Red","1263.4598","44","2.12","758.0759","H ","HL Road Frame","2020-07-01","00:00.0","2","Components","14","Road Frames","HL Road Frame - Red, 44"
"242","14","722.2568","Red","1301.3636","44","2.12","780.8182","H ","HL Road Frame","2021-07-01","00:00.0","2","Components","14","Road Frames","HL Road Frame - Red, 44"
"243","14","868.6342","Red","1431.5","44","2.12","858.9","H ","HL Road Frame","2022-07-01",NULL,"2","Components","14","Road Frames","HL Road Frame - Red, 44"
"244","14","747.9682","Red","1263.4598","48","2.16","758.0759","H ","HL Road Frame","2020-07-01","00:00.0","2","Components","14","Road Frames","HL Road Frame - Red, 48"
"245","14","722.2568","Red","1301.3636","48","2.16","780.8182","H ","HL Road Frame","2021-07-01","00:00.0","2","Components","14","Road Frames","HL Road Frame - Red, 48"
"246","14","868.6342","Red","1431.5","48","2.16","858.9","H ","HL Road Frame","2022-07-01",NULL,"2","Components","14","Road Frames","HL Road Frame - Red, 48"
"247","14","747.9682","Red","1263.4598","52","2.2","758.0759","H ","HL Road Frame","2020-07-01","00:00.0","2","Components","14","Road Frames","HL Road Frame - Red, 52"
"248","14","722.2568","Red","1301.3636","52","2.2","780.8182","H ","HL Road Frame","2021-07-01","00:00.0","2","Components","14","Road Frames","HL Road Frame - Red, 52"
"249","14","868.6342","Red","1431.5","52","2.2","858.9","H ","HL Road Frame","2022-07-01",NULL,"2","Components","14","Road Frames","HL Road Frame - Red, 52"
"250","14","747.9682","Red","1263.4598","56","2.24","758.0759","H ","HL Road Frame","2020-07-01","00:00.0","2","Components","14","Road Frames","HL Road Frame - Red, 56"
"251","14","722.2568","Red","1301.3636","56","2.24","780.8182","H ","HL Road Frame","2021-07-01","00:00.0","2","Components","14","Road Frames","HL Road Frame - Red, 56"
"252","14","868.6342","Red","1431.5","56","2.24","858.9","H ","HL Road Frame","2022-07-01",NULL,"2","Components","14","Road Frames","HL Road Frame - Red, 56"
"253","14","176.1997","Black","297.6346","58","2.46","178.5808","L ","LL Road Frame","2020-07-01","00:00.0","2","Components","14","Road Frames","LL Road Frame - Black, 58"
"254","14","170.1428","Black","306.5636","58","2.46","183.9382","L ","LL Road Frame","2021-07-01","00:00.0","2","Components","14","Road Frames","LL Road Frame - Black, 58"
"255","14","204.6251","Black","337.22","58","2.46","202.332","L ","LL Road Frame","2022-07-01",NULL,"2","Components","14","Road Frames","LL Road Frame - Black, 58"
"256","14","176.1997","Black","297.6346","60","2.48","178.5808","L ","LL Road Frame","2020-07-01","00:00.0","2","Components","14","Road Frames","LL Road Frame - Black, 60"
"257","14","170.1428","Black","306.5636","60","2.48","183.9382","L ","LL Road Frame","2021-07-01","00:00.0","2","Components","14","Road Frames","LL Road Frame - Black, 60"
"258","14","204.6251","Black","337.22","60","2.48","202.332","L ","LL Road Frame","2022-07-01",NULL,"2","Components","14","Road Frames","LL Road Frame - Black, 60"
"259","14","176.1997","Black","297.6346","62","2.5","178.5808","L ","LL Road Frame","2020-07-01","00:00.0","2","Components","14","Road Frames","LL Road Frame - Black, 62"
"260","14","170.1428","Black","306.5636","62","2.5","183.9382","L ","LL Road Frame","2021-07-01","00:00.0","2","Components","14","Road Frames","LL Road Frame - Black, 62"
"261","14","204.6251","Black","337.22","62","2.5","202.332","L ","LL Road Frame","2022-07-01",NULL,"2","Components","14","Road Frames","LL Road Frame - Black, 62"
"262","14","181.4857","Red","306.5636","44","2.32","183.9382","L ","LL Road Frame","2020-07-01","00:00.0","2","Components","14","Road Frames","LL Road Frame - Red, 44"
"263","14","187.1571","Red","337.22","44","2.32","202.332","L ","LL Road Frame","2021-07-01","00:00.0","2","Components","14","Road Frames","LL Road Frame - Red, 44"
"264","14","181.4857","Red","306.5636","48","2.36","183.9382","L ","LL Road Frame","2020-07-01","00:00.0","2","Components","14","Road Frames","LL Road Frame - Red, 48"
"265","14","187.1571","Red","337.22","48","2.36","202.332","L ","LL Road Frame","2021-07-01","00:00.0","2","Components","14","Road Frames","LL Road Frame - Red, 48"
"266","14","181.4857","Red","306.5636","52","2.4","183.9382","L ","LL Road Frame","2020-07-01","00:00.0","2","Components","14","Road Frames","LL Road Frame - Red, 52"
"267","14","187.1571","Red","337.22","52","2.4","202.332","L ","LL Road Frame","2021-07-01","00:00.0","2","Components","14","Road Frames","LL Road Frame - Red, 52"
"268","14","181.4857","Red","306.5636","58","2.46","183.9382","L ","LL Road Frame","2020-07-01","00:00.0","2","Components","14","Road Frames","LL Road Frame - Red, 58"
"269","14","187.1571","Red","337.22","58","2.46","202.332","L ","LL Road Frame","2021-07-01","00:00.0","2","Components","14","Road Frames","LL Road Frame - Red, 58"
"270","14","181.4857","Red","306.5636","60","2.48","183.9382","L ","LL Road Frame","2020-07-01","00:00.0","2","Components","14","Road Frames","LL Road Frame - Red, 60"
"271","14","187.1571","Red","337.22","60","2.48","202.332","L ","LL Road Frame","2021-07-01","00:00.0","2","Components","14","Road Frames","LL Road Frame - Red, 60"
"272","14","181.4857","Red","306.5636","62","2.5","183.9382","L ","LL Road Frame","2020-07-01","00:00.0","2","Components","14","Road Frames","LL Road Frame - Red, 62"
"273","14","187.1571","Red","337.22","62","2.5","202.332","L ","LL Road Frame","2021-07-01","00:00.0","2","Components","14","Road Frames","LL Road Frame - Red, 62"
"274","14","352.1394","Red","594.83","44","2.22","356.898","M ","ML Road Frame","2020-07-01","00:00.0","2","Components","14","Road Frames","ML Road Frame - Red, 44"
"275","14","352.1394","Red","594.83","48","2.26","356.898","M ","ML Road Frame","2020-07-01","00:00.0","2","Components","14","Road Frames","ML Road Frame - Red, 48"
"276","14","352.1394","Red","594.83","52","2.3","356.898","M ","ML Road Frame","2020-07-01","00:00.0","2","Components","14","Road Frames","ML Road Frame - Red, 52"
"277","14","352.1394","Red","594.83","58","2.36","356.898","M ","ML Road Frame","2020-07-01","00:00.0","2","Components","14","Road Frames","ML Road Frame - Red, 58"
"278","14","352.1394","Red","594.83","60","2.38","356.898","M ","ML Road Frame","2020-07-01","00:00.0","2","Components","14","Road Frames","ML Road Frame - Red, 60"
"279","14","176.1997","Black","297.6346","44","2.32","178.5808","L ","LL Road Frame","2020-07-01","00:00.0","2","Components","14","Road Frames","LL Road Frame - Black, 44"
"280","14","170.1428","Black","306.5636","44","2.32","183.9382","L ","LL Road Frame","2021-07-01","00:00.0","2","Components","14","Road Frames","LL Road Frame - Black, 44"
"281","14","204.6251","Black","337.22","44","2.32","202.332","L ","LL Road Frame","2022-07-01",NULL,"2","Components","14","Road Frames","LL Road Frame - Black, 44"
"282","14","176.1997","Black","297.6346","48","2.36","178.5808","L ","LL Road Frame","2020-07-01","00:00.0","2","Components","14","Road Frames","LL Road Frame - Black, 48"
"283","14","170.1428","Black","306.5636","48","2.36","183.9382","L ","LL Road Frame","2021-07-01","00:00.0","2","Components","14","Road Frames","LL Road Frame - Black, 48"
"284","14","204.6251","Black","337.22","48","2.36","202.332","L ","LL Road Frame","2022-07-01",NULL,"2","Components","14","Road Frames","LL Road Frame - Black, 48"
"285","14","176.1997","Black","297.6346","52","2.4","178.5808","L ","LL Road Frame","2020-07-01","00:00.0","2","Components","14","Road Frames","LL Road Frame - Black, 52"
"286","14","170.1428","Black","306.5636","52","2.4","183.9382","L ","LL Road Frame","2021-07-01","00:00.0","2","Components","14","Road Frames","LL Road Frame - Black, 52"
"287","14","204.6251","Black","337.22","52","2.4","202.332","L ","LL Road Frame","2022-07-01",NULL,"2","Components","14","Road Frames","LL Road Frame - Black, 52"
"288","12","623.8403","Silver","1204.3248","42","2.72","722.5949","H ","HL Mountain Frame",NULL,NULL,"2","Components","12","Mountain Frames","HL Mountain Frame - Silver, 42"
"289","12","660.9142","Silver","1240.4545","42","2.72","744.2727","H ","HL Mountain Frame",NULL,NULL,"2","Components","12","Mountain Frames","HL Mountain Frame - Silver, 42"
"290","12","747.2002","Silver","1364.5","42","2.72","818.7","H ","HL Mountain Frame",NULL,NULL,"2","Components","12","Mountain Frames","HL Mountain Frame - Silver, 42"
"291","12","706.811","Silver","1364.5","44","2.76","818.7","H ","HL Mountain Frame",NULL,NULL,"2","Components","12","Mountain Frames","HL Mountain Frame - Silver, 44"
"292","12","706.811","Silver","1364.5","48","2.8","818.7","H ","HL Mountain Frame",NULL,NULL,"2","Components","12","Mountain Frames","HL Mountain Frame - Silver, 48"
"293","12","623.8403","Silver","1204.3248","46","2.84","722.5949","H ","HL Mountain Frame",NULL,NULL,"2","Components","12","Mountain Frames","HL Mountain Frame - Silver, 46"
"294","12","660.9142","Silver","1240.4545","46","2.84","744.2727","H ","HL Mountain Frame",NULL,NULL,"2","Components","12","Mountain Frames","HL Mountain Frame - Silver, 46"
"295","12","747.2002","Silver","1364.5","46","2.84","818.7","H ","HL Mountain Frame",NULL,NULL,"2","Components","12","Mountain Frames","HL Mountain Frame - Silver, 46"
"296","12","617.0281","Black","1191.1739","42","2.72","714.7043","H ","HL Mountain Frame",NULL,NULL,"2","Components","12","Mountain Frames","HL Mountain Frame - Black, 42"
"297","12","653.6971","Black","1226.9091","42","2.72","736.1455","H ","HL Mountain Frame",NULL,NULL,"2","Components","12","Mountain Frames","HL Mountain Frame - Black, 42"
"298","12","739.041","Black","1349.6","42","2.72","809.76","H ","HL Mountain Frame",NULL,NULL,"2","Components","12","Mountain Frames","HL Mountain Frame - Black, 42"
"299","12","699.0928","Black","1349.6","44","2.76","809.76","H ","HL Mountain Frame",NULL,NULL,"2","Components","12","Mountain Frames","HL Mountain Frame - Black, 44"
"300","12","699.0928","Black","1349.6","48","2.8","809.76","H ","HL Mountain Frame",NULL,NULL,"2","Components","12","Mountain Frames","HL Mountain Frame - Black, 48"
"301","12","617.0281","Black","1191.1739","46","2.84","714.7043","H ","HL Mountain Frame",NULL,NULL,"2","Components","12","Mountain Frames","HL Mountain Frame - Black, 46"
"302","12","653.6971","Black","1226.9091","46","2.84","736.1455","H ","HL Mountain Frame",NULL,NULL,"2","Components","12","Mountain Frames","HL Mountain Frame - Black, 46"
"303","12","739.041","Black","1349.6","46","2.84","809.76","H ","HL Mountain Frame",NULL,NULL,"2","Components","12","Mountain Frames","HL Mountain Frame - Black, 46"
"304","12","617.0281","Black","1191.1739","38","2.68","714.7043","H ","HL Mountain Frame",NULL,NULL,"2","Components","12","Mountain Frames","HL Mountain Frame - Black, 38"
"305","12","653.6971","Black","1226.9091","38","2.68","736.1455","H ","HL Mountain Frame",NULL,NULL,"2","Components","12","Mountain Frames","HL Mountain Frame - Black, 38"
"306","12","739.041","Black","1349.6","38","2.68","809.76","H ","HL Mountain Frame",NULL,NULL,"2","Components","12","Mountain Frames","HL Mountain Frame - Black, 38"
"307","12","623.8403","Silver","1204.3248","38","2.68","722.5949","H ","HL Mountain Frame",NULL,NULL,"2","Components","12","Mountain Frames","HL Mountain Frame - Silver, 38"
"308","12","660.9142","Silver","1240.4545","38","2.68","744.2727","H ","HL Mountain Frame",NULL,NULL,"2","Components","12","Mountain Frames","HL Mountain Frame - Silver, 38"
"309","12","747.2002","Silver","1364.5","38","2.68","818.7","H ","HL Mountain Frame",NULL,NULL,"2","Components","12","Mountain Frames","HL Mountain Frame - Silver, 38"
"423","17","122.2709","Black","275.385",NULL,"1000","165.231","M ","ML Road Rear Wheel",NULL,NULL,"2","Components","17","Wheels","ML Road Rear Wheel"
"424","17","158.5346","Black","357.06",NULL,"890","214.236","H ","HL Road Rear Wheel",NULL,NULL,"2","Components","17","Wheels","HL Road Rear Wheel"
"425","17","108.7844","Black","245.01",NULL,NULL,"147.006",NULL,"Touring Rear Wheel",NULL,NULL,"2","Components","17","Wheels","Touring Rear Wheel"
"426","12","185.8193","Black","348.76","40","2.77","209.256","M ","ML Mountain Frame","2021-07-01","00:00.0","2","Components","12","Mountain Frames","ML Mountain Frame - Black, 40"
"427","12","185.8193","Black","348.76","44","2.81","209.256","M ","ML Mountain Frame","2021-07-01","00:00.0","2","Components","12","Mountain Frames","ML Mountain Frame - Black, 44"
"428","12","185.8193","Black","348.76","48","2.85","209.256","M ","ML Mountain Frame","2021-07-01","00:00.0","2","Components","12","Mountain Frames","ML Mountain Frame - Black, 48"
"429","14","300.1188","Yellow","540.7545","40","2.22","324.4527","M ","ML Road Frame-W","2021-07-01","00:00.0","2","Components","14","Road Frames","ML Road Frame-W - Yellow, 40"
"430","14","360.9428","Yellow","594.83","40","2.22","356.898","M ","ML Road Frame-W","2022-07-01",NULL,"2","Components","14","Road Frames","ML Road Frame-W - Yellow, 40"
"431","14","300.1188","Yellow","540.7545","42","2.26","324.4527","M ","ML Road Frame-W","2021-07-01","00:00.0","2","Components","14","Road Frames","ML Road Frame-W - Yellow, 42"
"432","14","360.9428","Yellow","594.83","42","2.26","356.898","M ","ML Road Frame-W","2022-07-01",NULL,"2","Components","14","Road Frames","ML Road Frame-W - Yellow, 42"
"433","14","300.1188","Yellow","540.7545","44","2.3","324.4527","M ","ML Road Frame-W","2021-07-01","00:00.0","2","Components","14","Road Frames","ML Road Frame-W - Yellow, 44"
"434","14","360.9428","Yellow","594.83","44","2.3","356.898","M ","ML Road Frame-W","2022-07-01",NULL,"2","Components","14","Road Frames","ML Road Frame-W - Yellow, 44"
"435","14","300.1188","Yellow","540.7545","48","2.34","324.4527","M ","ML Road Frame-W","2021-07-01","00:00.0","2","Components","14","Road Frames","ML Road Frame-W - Yellow, 48"
"436","14","360.9428","Yellow","594.83","48","2.34","356.898","M ","ML Road Frame-W","2022-07-01",NULL,"2","Components","14","Road Frames","ML Road Frame-W - Yellow, 48"
"437","14","722.2568","Black","1301.3636","62","2.3","780.8182","H ","HL Road Frame","2021-07-01","00:00.0","2","Components","14","Road Frames","HL Road Frame - Black, 62"
"438","14","868.6342","Black","1431.5","62","2.3","858.9","H ","HL Road Frame","2022-07-01",NULL,"2","Components","14","Road Frames","HL Road Frame - Black, 62"
"439","14","722.2568","Black","1301.3636","44","2.12","780.8182","H ","HL Road Frame","2021-07-01","00:00.0","2","Components","14","Road Frames","HL Road Frame - Black, 44"
"440","14","868.6342","Black","1431.5","44","2.12","858.9","H ","HL Road Frame","2022-07-01",NULL,"2","Components","14","Road Frames","HL Road Frame - Black, 44"
"441","14","722.2568","Black","1301.3636","48","2.16","780.8182","H ","HL Road Frame","2021-07-01","00:00.0","2","Components","14","Road Frames","HL Road Frame - Black, 48"
"442","14","868.6342","Black","1431.5","48","2.16","858.9","H ","HL Road Frame","2022-07-01",NULL,"2","Components","14","Road Frames","HL Road Frame - Black, 48"
"443","14","722.2568","Black","1301.3636","52","2.2","780.8182","H ","HL Road Frame","2021-07-01","00:00.0","2","Components","14","Road Frames","HL Road Frame - Black, 52"
"444","14","868.6342","Black","1431.5","52","2.2","858.9","H ","HL Road Frame","2022-07-01",NULL,"2","Components","14","Road Frames","HL Road Frame - Black, 52"
"492","16","601.7437","Yellow","1003.91","60","3.08","602.346","H ","HL Touring Frame","2022-07-01",NULL,"2","Components","16","Touring Frames","HL Touring Frame - Yellow, 60"
"493","16","199.8519","Yellow","333.42","62","3.2","200.052","L ","LL Touring Frame",NULL,NULL,"2","Components","16","Touring Frames","LL Touring Frame - Yellow, 62"
"494","16","601.7437","Yellow","1003.91","46","2.96","602.346","H ","HL Touring Frame","2022-07-01",NULL,"2","Components","16","Touring Frames","HL Touring Frame - Yellow, 46"
"495","16","601.7437","Yellow","1003.91","50","3","602.346","H ","HL Touring Frame","2022-07-01",NULL,"2","Components","16","Touring Frames","HL Touring Frame - Yellow, 50"
"496","16","601.7437","Yellow","1003.91","54","3.04","602.346","H ","HL Touring Frame","2022-07-01",NULL,"2","Components","16","Touring Frames","HL Touring Frame - Yellow, 54"
"497","16","601.7437","Blue","1003.91","46","2.96","602.346","H ","HL Touring Frame","2022-07-01",NULL,"2","Components","16","Touring Frames","HL Touring Frame - Blue, 46"
"498","16","601.7437","Blue","1003.91","50","3","602.346","H ","HL Touring Frame","2022-07-01",NULL,"2","Components","16","Touring Frames","HL Touring Frame - Blue, 50"
"499","16","601.7437","Blue","1003.91","54","3.04","602.346","H ","HL Touring Frame","2022-07-01",NULL,"2","Components","16","Touring Frames","HL Touring Frame - Blue, 54"
"500","16","601.7437","Blue","1003.91","60","3.08","602.346","H ","HL Touring Frame","2022-07-01",NULL,"2","Components","16","Touring Frames","HL Touring Frame - Blue, 60"
"501","9","53.9282","Silver","121.46",NULL,"215","72.876",NULL,"Rear Derailleur","2022-07-01",NULL,"2","Components","9","Derailleurs","Rear Derailleur"
"502","16","199.8519","Blue","333.42","50","3.1","200.052","L ","LL Touring Frame","2022-07-01",NULL,"2","Components","16","Touring Frames","LL Touring Frame - Blue, 50"
"503","16","199.8519","Blue","333.42","54","3.14","200.052","L ","LL Touring Frame","2022-07-01",NULL,"2","Components","16","Touring Frames","LL Touring Frame - Blue, 54"
"504","16","199.8519","Blue","333.42","58","3.16","200.052","L ","LL Touring Frame","2022-07-01",NULL,"2","Components","16","Touring Frames","LL Touring Frame - Blue, 58"
"505","16","199.8519","Blue","333.42","62","3.2","200.052","L ","LL Touring Frame","2022-07-01",NULL,"2","Components","16","Touring Frames","LL Touring Frame - Blue, 62"
"506","16","199.8519","Yellow","333.42","44","3.02","200.052","L ","LL Touring Frame",NULL,NULL,"2","Components","16","Touring Frames","LL Touring Frame - Yellow, 44"
"507","16","199.8519","Yellow","333.42","50","3.1","200.052","L ","LL Touring Frame",NULL,NULL,"2","Components","16","Touring Frames","LL Touring Frame - Yellow, 50"
"508","16","199.8519","Yellow","333.42","54","3.14","200.052","L ","LL Touring Frame",NULL,NULL,"2","Components","16","Touring Frames","LL Touring Frame - Yellow, 54"
"509","16","199.8519","Yellow","333.42","58","3.16","200.052","L ","LL Touring Frame",NULL,NULL,"2","Components","16","Touring Frames","LL Touring Frame - Yellow, 58"
"510","16","199.8519","Blue","333.42","44","3.02","200.052","L ","LL Touring Frame","2022-07-01",NULL,"2","Components","16","Touring Frames","LL Touring Frame - Blue, 44"
"511","12","199.3757","Silver","364.09","40","2.77","218.454","M ","ML Mountain Frame-W","2022-07-01",NULL,"2","Components","12","Mountain Frames","ML Mountain Frame-W - Silver, 40"
"512","12","199.3757","Silver","364.09","42","2.81","218.454","M ","ML Mountain Frame-W","2022-07-01",NULL,"2","Components","12","Mountain Frames","ML Mountain Frame-W - Silver, 42"
"513","12","199.3757","Silver","364.09","46","2.85","218.454","M ","ML Mountain Frame-W","2022-07-01",NULL,"2","Components","12","Mountain Frames","ML Mountain Frame-W - Silver, 46"
"514","6","47.286","Silver","106.5",NULL,"317","63.9",NULL,"Rear Brakes","2022-07-01",NULL,"2","Components","6","Brakes","Rear Brakes"
"515","15","12.0413","NA","27.12",NULL,NULL,"16.272","L ","LL Mountain Seat/Saddle 2","2022-07-01",NULL,"2","Components","15","Saddles","LL Mountain Seat/Saddle"
"516","15","17.3782","NA","39.14",NULL,NULL,"23.484","M ","ML Mountain Seat/Saddle 2","2022-07-01",NULL,"2","Components","15","Saddles","ML Mountain Seat/Saddle"
"517","15","23.3722","NA","52.64",NULL,NULL,"31.584","H ","HL Mountain Seat/Saddle 2","2022-07-01",NULL,"2","Components","15","Saddles","HL Mountain Seat/Saddle"
"518","15","12.0413","NA","27.12",NULL,NULL,"16.272","L ","LL Road Seat/Saddle 1","2022-07-01",NULL,"2","Components","15","Saddles","LL Road Seat/Saddle"
"519","15","17.3782","NA","39.14",NULL,NULL,"23.484","M ","ML Road Seat/Saddle 2","2022-07-01",NULL,"2","Components","15","Saddles","ML Road Seat/Saddle"
"520","15","23.3722","NA","52.64",NULL,NULL,"31.584","H ","HL Road Seat/Saddle 2","2022-07-01",NULL,"2","Components","15","Saddles","HL Road Seat/Saddle"
"521","15","12.0413","NA","27.12",NULL,NULL,"16.272","L ","LL Touring Seat/Saddle","2022-07-01",NULL,"2","Components","15","Saddles","LL Touring Seat/Saddle"
"522","15","17.3782","NA","39.14",NULL,NULL,"23.484","M ","ML Touring Seat/Saddle","2022-07-01",NULL,"2","Components","15","Saddles","ML Touring Seat/Saddle"
"523","15","23.3722","NA","52.64",NULL,NULL,"31.584","H ","HL Touring Seat/Saddle","2022-07-01",NULL,"2","Components","15","Saddles","HL Touring Seat/Saddle"
"524","12","144.5938","Silver","264.05","42","2.92","158.43","L ","LL Mountain Frame","2022-07-01",NULL,"2","Components","12","Mountain Frames","LL Mountain Frame - Silver, 42"
"525","12","144.5938","Silver","264.05","44","2.96","158.43","L ","LL Mountain Frame","2022-07-01",NULL,"2","Components","12","Mountain Frames","LL Mountain Frame - Silver, 44"
"526","12","144.5938","Silver","264.05","48","3","158.43","L ","LL Mountain Frame","2022-07-01",NULL,"2","Components","12","Mountain Frames","LL Mountain Frame - Silver, 48"
"527","12","144.5938","Silver","264.05","52","3.04","158.43","L ","LL Mountain Frame","2022-07-01",NULL,"2","Components","12","Mountain Frames","LL Mountain Frame - Silver, 52"
"531","12","136.785","Black","249.79","42","2.92","149.874","L ","LL Mountain Frame","2022-07-01",NULL,"2","Components","12","Mountain Frames","LL Mountain Frame - Black, 42"
"532","12","136.785","Black","249.79","44","2.96","149.874","L ","LL Mountain Frame","2022-07-01",NULL,"2","Components","12","Mountain Frames","LL Mountain Frame - Black, 44"
"533","12","136.785","Black","249.79","48","3","149.874","L ","LL Mountain Frame","2022-07-01",NULL,"2","Components","12","Mountain Frames","LL Mountain Frame - Black, 48"
"534","12","136.785","Black","249.79","52","3.04","149.874","L ","LL Mountain Frame","2022-07-01",NULL,"2","Components","12","Mountain Frames","LL Mountain Frame - Black, 52"
"542","13","17.9776","Silver/Black","40.49",NULL,"218","24.294","L ","LL Mountain Pedal","2022-07-01",NULL,"2","Components","13","Pedals","LL Mountain Pedal"
"543","13","27.568","Silver/Black","62.09",NULL,"215","37.254","M ","ML Mountain Pedal","2022-07-01",NULL,"2","Components","13","Pedals","ML Mountain Pedal"
"544","13","35.9596","Silver/Black","80.99",NULL,"185","48.594","H ","HL Mountain Pedal","2022-07-01",NULL,"2","Components","13","Pedals","HL Mountain Pedal"
"545","13","17.9776","Silver/Black","40.49",NULL,"189","24.294","L ","LL Road Pedal",NULL,NULL,"2","Components","13","Pedals","LL Road Pedal"
"546","13","27.568","Silver/Black","62.09",NULL,"168","37.254","M ","ML Road Pedal",NULL,NULL,"2","Components","13","Pedals","ML Road Pedal"
"547","13","35.9596","Silver/Black","80.99",NULL,"149","48.594","H ","HL Road Pedal",NULL,NULL,"2","Components","13","Pedals","HL Road Pedal"
"548","13","35.9596","Silver/Black","80.99",NULL,NULL,"48.594",NULL,"Touring Pedal",NULL,NULL,"2","Components","13","Pedals","Touring Pedal"
"549","12","199.3757","Silver","364.09","38","2.73","218.454","M ","ML Mountain Frame-W","2022-07-01",NULL,"2","Components","12","Mountain Frames","ML Mountain Frame-W - Silver, 38"
"550","12","136.785","Black","249.79","40","2.88","149.874","L ","LL Mountain Frame","2022-07-01",NULL,"2","Components","12","Mountain Frames","LL Mountain Frame - Black, 40"
"551","12","144.5938","Silver","264.05","40","2.88","158.43","L ","LL Mountain Frame","2022-07-01",NULL,"2","Components","12","Mountain Frames","LL Mountain Frame - Silver, 40"
"552","9","40.6216","Silver","91.49",NULL,"88","54.894",NULL,"Front Derailleur","2022-07-01",NULL,"2","Components","9","Derailleurs","Front Derailleur"
"553","4","20.464","NA","46.09",NULL,NULL,"27.654","L ","LL Touring Handlebars","2022-07-01",NULL,"2","Components","4","Handlebars","LL Touring Handlebars"
"554","4","40.6571","NA","91.57",NULL,NULL,"54.942","H ","HL Touring Handlebars","2022-07-01",NULL,"2","Components","4","Handlebars","HL Touring Handlebars"
"555","6","47.286","Silver","106.5",NULL,"317","63.9",NULL,"Front Brakes","2022-07-01",NULL,"2","Components","6","Brakes","Front Brakes"
"556","8","77.9176","Black","175.49",NULL,"600","105.294","L ","LL Crankset","2022-07-01",NULL,"2","Components","8","Cranksets","LL Crankset"
"210","14",NULL,"Black",NULL,"58","2.24",NULL,"H ","HL Road Frame","2012-07-01",NULL,"2","Components","14","Road Frames","HL Road Frame - Black, 58"
"558","8","179.8156","Black","404.99",NULL,"575","242.994","H ","HL Crankset","2022-07-01",NULL,"2","Components","8","Cranksets","HL Crankset"
"559","7","8.9866","Silver","20.24",NULL,NULL,"12.144",NULL,"Chain",NULL,NULL,"2","Components","7","Chains","Chain"
"601","5","23.9716","NA","53.99",NULL,"223","32.394","L ","LL Bottom Bracket","2022-07-01",NULL,"2","Components","5","Bottom Brackets","LL Bottom Bracket"
"602","5","44.9506","NA","101.24",NULL,"168","60.744","M ","ML Bottom Bracket","2022-07-01",NULL,"2","Components","5","Bottom Brackets","ML Bottom Bracket"
"603","5","53.9416","NA","121.49",NULL,"170","72.894","H ","HL Bottom Bracket","2022-07-01",NULL,"2","Components","5","Bottom Brackets","HL Bottom Bracket"
"391","10","65.8097","NA","148.22",NULL,NULL,"88.932","L ","LL Fork","2021-07-01","00:00.0","2","Components","10","Forks","LL Fork"
"392","10","77.9176","NA","175.49",NULL,NULL,"105.294","M ","ML Fork","2021-07-01","00:00.0","2","Components","10","Forks","ML Fork"
"393","10","101.8936","NA","229.49",NULL,NULL,"137.694","H ","HL Fork","2021-07-01","00:00.0","2","Components","10","Forks","HL Fork"
"394","11","15.1848","NA","34.2",NULL,NULL,"20.52","L ","LL Headset","2021-07-01","00:00.0","2","Components","11","Headsets","LL Headset"
"395","11","45.4168","NA","102.29",NULL,NULL,"61.374","M ","ML Headset","2021-07-01","00:00.0","2","Components","11","Headsets","ML Headset"
"396","11","55.3801","NA","124.73",NULL,NULL,"74.838","H ","HL Headset","2021-07-01","00:00.0","2","Components","11","Headsets","HL Headset"
"397","4","17.978","NA","40.4909",NULL,NULL,"24.2945","L ","LL Mountain Handlebars","2021-07-01","00:00.0","2","Components","4","Handlebars","LL Mountain Handlebars"
"398","4","19.7758","NA","44.54",NULL,NULL,"26.724","L ","LL Mountain Handlebars","2022-07-01",NULL,"2","Components","4","Handlebars","LL Mountain Handlebars"
"399","4","24.9932","NA","56.2909",NULL,NULL,"33.7745","M ","ML Mountain Handlebars","2021-07-01","00:00.0","2","Components","4","Handlebars","ML Mountain Handlebars"
"400","4","27.4925","NA","61.92",NULL,NULL,"37.152","M ","ML Mountain Handlebars","2022-07-01",NULL,"2","Components","4","Handlebars","ML Mountain Handlebars"
"401","4","48.5453","NA","109.3364",NULL,NULL,"65.6018","H ","HL Mountain Handlebars","2021-07-01","00:00.0","2","Components","4","Handlebars","HL Mountain Handlebars"
"402","4","53.3999","NA","120.27",NULL,NULL,"72.162","H ","HL Mountain Handlebars","2022-07-01",NULL,"2","Components","4","Handlebars","HL Mountain Handlebars"
"403","4","17.978","NA","40.4909",NULL,NULL,"24.2945","L ","LL Road Handlebars","2021-07-01","00:00.0","2","Components","4","Handlebars","LL Road Handlebars"
"404","4","19.7758","NA","44.54",NULL,NULL,"26.724","L ","LL Road Handlebars","2022-07-01",NULL,"2","Components","4","Handlebars","LL Road Handlebars"
"405","4","24.9932","NA","56.2909",NULL,NULL,"33.7745","M ","ML Road Handlebars","2021-07-01","00:00.0","2","Components","4","Handlebars","ML Road Handlebars"
"406","4","27.4925","NA","61.92",NULL,NULL,"37.152","M ","ML Road Handlebars","2022-07-01",NULL,"2","Components","4","Handlebars","ML Road Handlebars"
"407","4","48.5453","NA","109.3364",NULL,NULL,"65.6018","H ","HL Road Handlebars","2021-07-01","00:00.0","2","Components","4","Handlebars","HL Road Handlebars"
"408","4","53.3999","NA","120.27",NULL,NULL,"72.162","H ","HL Road Handlebars","2022-07-01",NULL,"2","Components","4","Handlebars","HL Road Handlebars"
"409","12","185.8193","Black","348.76","38","2.73","209.256","M ","ML Mountain Frame-W","2021-07-01","00:00.0","2","Components","12","Mountain Frames","ML Mountain Frame - Black, 38"
"410","17","26.9708","Black","60.745",NULL,NULL,"36.447","L ","LL Mountain Front Wheel",NULL,NULL,"2","Components","17","Wheels","LL Mountain Front Wheel"
"411","17","92.8071","Black","209.025",NULL,NULL,"125.415","M ","ML Mountain Front Wheel",NULL,NULL,"2","Components","17","Wheels","ML Mountain Front Wheel"
"412","17","133.2955","Black","300.215",NULL,NULL,"180.129","H ","HL Mountain Front Wheel",NULL,NULL,"2","Components","17","Wheels","HL Mountain Front Wheel"
"413","17","37.9909","Black","85.565",NULL,"900","51.339","L ","LL Road Front Wheel",NULL,NULL,"2","Components","17","Wheels","LL Road Front Wheel"
"414","17","110.2829","Black","248.385",NULL,"850","149.031","M ","ML Road Front Wheel",NULL,NULL,"2","Components","17","Wheels","ML Road Front Wheel"
"415","17","146.5466","Black","330.06",NULL,"650","198.036","H ","HL Road Front Wheel",NULL,NULL,"2","Components","17","Wheels","HL Road Front Wheel"
"416","17","96.7964","Black","218.01",NULL,NULL,"130.806",NULL,"Touring Front Wheel",NULL,NULL,"2","Components","17","Wheels","Touring Front Wheel"
"417","14","300.1188","Yellow","540.7545","38","2.18","324.4527","M ","ML Road Frame-W","2021-07-01","00:00.0","2","Components","14","Road Frames","ML Road Frame-W - Yellow, 38"
"418","14","360.9428","Yellow","594.83","38","2.18","356.898","M ","ML Road Frame-W","2022-07-01",NULL,"2","Components","14","Road Frames","ML Road Frame-W - Yellow, 38"
"419","17","38.9588","Black","87.745",NULL,NULL,"52.647","L ","LL Mountain Rear Wheel",NULL,NULL,"2","Components","17","Wheels","LL Mountain Rear Wheel"
"420","17","104.7951","Black","236.025",NULL,NULL,"141.615","M ","ML Mountain Rear Wheel",NULL,NULL,"2","Components","17","Wheels","ML Mountain Rear Wheel"
"421","17","145.2835","Black","327.215",NULL,NULL,"196.329","H ","HL Mountain Rear Wheel",NULL,NULL,"2","Components","17","Wheels","HL Mountain Rear Wheel"
"422","17","49.9789","Black","112.565",NULL,"1050","67.539","L ","LL Road Rear Wheel",NULL,NULL,"2","Components","17","Wheels","LL Road Rear Wheel"
"467","20","9.1593","Black","24.49","L",NULL,"14.694",NULL,"Half-Finger Gloves","2022-07-01",NULL,"3","Clothing","20","Gloves","Half-Finger Gloves, L"
"461","18","37.1209","Multi","89.99","L",NULL,"53.994",NULL,"Men's Bib-Shorts","2021-07-01","00:00.0","3","Clothing","18","Bib-Shorts","Men's Bib-Shorts, L"
"459","18","37.1209","Multi","89.99","S",NULL,"53.994",NULL,"Men's Bib-Shorts","2021-07-01","00:00.0","3","Clothing","18","Bib-Shorts","Men's Bib-Shorts, S"
"458","24","30.9334","Black","74.99","L",NULL,"44.994",NULL,"Women's Tights","2021-07-01","00:00.0","3","Clothing","24","Tights","Women's Tights, L"
"225","19","6.9223","Multi","8.99",NULL,NULL,"5.394",NULL,"Cycling Cap","2022-07-01",NULL,"3","Clothing","19","Caps","AWC Logo Cap"
"224","19","5.2297","Multi","8.6442",NULL,NULL,"5.1865",NULL,"Cycling Cap","2021-07-01","00:00.0","3","Clothing","19","Caps","AWC Logo Cap"
"223","19","5.7052","Multi","8.6442",NULL,NULL,"5.1865",NULL,"Cycling Cap","2020-07-01","00:00.0","3","Clothing","19","Caps","AWC Logo Cap"
"465","20","9.1593","Black","24.49","M",NULL,"14.694",NULL,"Half-Finger Gloves","2022-07-01",NULL,"3","Clothing","20","Gloves","Half-Finger Gloves, M"
"464","20","9.7136","Black","23.5481","M",NULL,"14.1289",NULL,"Half-Finger Gloves","2021-07-01","00:00.0","3","Clothing","20","Gloves","Half-Finger Gloves, M"
"463","20","9.1593","Black","24.49","S",NULL,"14.694",NULL,"Half-Finger Gloves","2022-07-01",NULL,"3","Clothing","20","Gloves","Half-Finger Gloves, S"
"455","22","24.7459","Black","59.99","XL",NULL,"35.994",NULL,"Men's Sports Shorts","2021-07-01","00:00.0","3","Clothing","22","Shorts","Men's Sports Shorts, XL"
"454","22","24.7459","Black","59.99","L",NULL,"35.994",NULL,"Men's Sports Shorts","2021-07-01","00:00.0","3","Clothing","22","Shorts","Men's Sports Shorts, L"
"453","22","24.7459","Black","59.99","M",NULL,"35.994",NULL,"Men's Sports Shorts","2021-07-01","00:00.0","3","Clothing","22","Shorts","Men's Sports Shorts, M"
"462","20","9.7136","Black","23.5481","S",NULL,"14.1289",NULL,"Half-Finger Gloves","2021-07-01","00:00.0","3","Clothing","20","Gloves","Half-Finger Gloves, S"
"237","21","38.4923","Multi","49.99","XL",NULL,"29.994",NULL,"Long-Sleeve Logo Jersey","2022-07-01",NULL,"3","Clothing","21","Jerseys","Long-Sleeve Logo Jersey, XL"
"236","21","29.0807","Multi","48.0673","XL",NULL,"28.8404",NULL,"Long-Sleeve Logo Jersey","2021-07-01","00:00.0","3","Clothing","21","Jerseys","Long-Sleeve Logo Jersey, XL"
"235","21","31.7244","Multi","48.0673","XL",NULL,"28.8404",NULL,"Long-Sleeve Logo Jersey","2020-07-01","00:00.0","3","Clothing","21","Jerseys","Long-Sleeve Logo Jersey, XL"
"234","21","38.4923","Multi","49.99","L",NULL,"29.994",NULL,"Long-Sleeve Logo Jersey","2022-07-01",NULL,"3","Clothing","21","Jerseys","Long-Sleeve Logo Jersey, L"
"233","21","29.0807","Multi","48.0673","L",NULL,"28.8404",NULL,"Long-Sleeve Logo Jersey","2021-07-01","00:00.0","3","Clothing","21","Jerseys","Long-Sleeve Logo Jersey, L"
"232","21","31.7244","Multi","48.0673","L",NULL,"28.8404",NULL,"Long-Sleeve Logo Jersey","2020-07-01","00:00.0","3","Clothing","21","Jerseys","Long-Sleeve Logo Jersey, L"
"231","21","38.4923","Multi","49.99","M",NULL,"29.994",NULL,"Long-Sleeve Logo Jersey","2022-07-01",NULL,"3","Clothing","21","Jerseys","Long-Sleeve Logo Jersey, M"
"230","21","29.0807","Multi","48.0673","M",NULL,"28.8404",NULL,"Long-Sleeve Logo Jersey","2021-07-01","00:00.0","3","Clothing","21","Jerseys","Long-Sleeve Logo Jersey, M"
"229","21","31.7244","Multi","48.0673","M",NULL,"28.8404",NULL,"Long-Sleeve Logo Jersey","2020-07-01","00:00.0","3","Clothing","21","Jerseys","Long-Sleeve Logo Jersey, M"
"228","21","38.4923","Multi","49.99","S",NULL,"29.994",NULL,"Long-Sleeve Logo Jersey","2022-07-01",NULL,"3","Clothing","21","Jerseys","Long-Sleeve Logo Jersey, S"
"227","21","29.0807","Multi","48.0673","S",NULL,"28.8404",NULL,"Long-Sleeve Logo Jersey","2021-07-01","00:00.0","3","Clothing","21","Jerseys","Long-Sleeve Logo Jersey, S"
"226","21","31.7244","Multi","48.0673","S",NULL,"28.8404",NULL,"Long-Sleeve Logo Jersey","2020-07-01","00:00.0","3","Clothing","21","Jerseys","Long-Sleeve Logo Jersey, S"
"445","22","24.7459","Black","59.99","S",NULL,"35.994",NULL,"Men's Sports Shorts","2021-07-01","00:00.0","3","Clothing","22","Shorts","Men's Sports Shorts, S"
"468","20","15.6709","Black","37.99","S",NULL,"22.794",NULL,"Full-Finger Gloves","2021-07-01","00:00.0","3","Clothing","20","Gloves","Full-Finger Gloves, S"
"469","20","15.6709","Black","37.99","M",NULL,"22.794",NULL,"Full-Finger Gloves","2021-07-01","00:00.0","3","Clothing","20","Gloves","Full-Finger Gloves, M"
"470","20","15.6709","Black","37.99","L",NULL,"22.794",NULL,"Full-Finger Gloves","2021-07-01","00:00.0","3","Clothing","20","Gloves","Full-Finger Gloves, L"
"471","25","23.749","Blue","63.5","S",NULL,"38.1",NULL,"Classic Vest","2022-07-01",NULL,"3","Clothing","25","Vests","Classic Vest, S"
"472","25","23.749","Blue","63.5","M",NULL,"38.1",NULL,"Classic Vest","2022-07-01",NULL,"3","Clothing","25","Vests","Classic Vest, M"
"473","25","23.749","Blue","63.5","L",NULL,"38.1",NULL,"Classic Vest","2022-07-01",NULL,"3","Clothing","25","Vests","Classic Vest, L"
"474","22","26.1763","Black","69.99","S",NULL,"41.994",NULL,"Women's Mountain Shorts","2022-07-01",NULL,"3","Clothing","22","Shorts","Women's Mountain Shorts, S"
"475","22","26.1763","Black","69.99","M",NULL,"41.994",NULL,"Women's Mountain Shorts","2022-07-01",NULL,"3","Clothing","22","Shorts","Women's Mountain Shorts, M"
"476","22","26.1763","Black","69.99","L",NULL,"41.994",NULL,"Women's Mountain Shorts","2022-07-01",NULL,"3","Clothing","22","Shorts","Women's Mountain Shorts, L"
"481","23","3.3623","White","8.99","M",NULL,"5.394",NULL,"Racing Socks","2022-07-01",NULL,"3","Clothing","23","Socks","Racing Socks, M"
"482","23","3.3623","White","8.99","L",NULL,"5.394",NULL,"Racing Socks","2022-07-01",NULL,"3","Clothing","23","Socks","Racing Socks, L"
"488","21","41.5723","Yellow","53.99","S",NULL,"32.394",NULL,"Short-Sleeve Classic Jersey","2022-07-01",NULL,"3","Clothing","21","Jerseys","Short-Sleeve Classic Jersey, S"
"489","21","41.5723","Yellow","53.99","M",NULL,"32.394",NULL,"Short-Sleeve Classic Jersey","2022-07-01",NULL,"3","Clothing","21","Jerseys","Short-Sleeve Classic Jersey, M"
"490","21","41.5723","Yellow","53.99","L",NULL,"32.394",NULL,"Short-Sleeve Classic Jersey","2022-07-01",NULL,"3","Clothing","21","Jerseys","Short-Sleeve Classic Jersey, L"
"491","21","41.5723","Yellow","53.99","XL",NULL,"32.394",NULL,"Short-Sleeve Classic Jersey","2022-07-01",NULL,"3","Clothing","21","Jerseys","Short-Sleeve Classic Jersey, XL"
"219","23","3.3963","White","9.5","L",NULL,"5.7",NULL,"Mountain Bike Socks","2020-07-01","00:00.0","3","Clothing","23","Socks","Mountain Bike Socks, L"
"218","23","3.3963","White","9.5","M",NULL,"5.7",NULL,"Mountain Bike Socks","2020-07-01","00:00.0","3","Clothing","23","Socks","Mountain Bike Socks, M"
"457","24","30.9334","Black","74.99","M",NULL,"44.994",NULL,"Women's Tights","2021-07-01","00:00.0","3","Clothing","24","Tights","Women's Tights, M"
"456","24","30.9334","Black","74.99","S",NULL,"44.994",NULL,"Women's Tights","2021-07-01","00:00.0","3","Clothing","24","Tights","Women's Tights, S"
"460","18","37.1209","Multi","89.99","M",NULL,"53.994",NULL,"Men's Bib-Shorts","2021-07-01","00:00.0","3","Clothing","18","Bib-Shorts","Men's Bib-Shorts, M"
"466","20","9.7136","Black","23.5481","L",NULL,"14.1289",NULL,"Half-Finger Gloves","2021-07-01","00:00.0","3","Clothing","20","Gloves","Half-Finger Gloves, L"
"222","31","13.0863","Blue","34.99",NULL,NULL,"20.994",NULL,"Sport-100","2022-07-01",NULL,"4","Accessories","31","Helmets","Sport-100 Helmet, Blue"
"221","31","13.8782","Blue","33.6442",NULL,NULL,"20.1865",NULL,"Sport-100","2021-07-01","00:00.0","4","Accessories","31","Helmets","Sport-100 Helmet, Blue"
"220","31","12.0278","Blue","33.6442",NULL,NULL,"20.1865",NULL,"Sport-100","2020-07-01","00:00.0","4","Accessories","31","Helmets","Sport-100 Helmet, Blue"
"530","37","1.8663","NA","4.99",NULL,NULL,"2.994",NULL,"Touring Tire Tube","2022-07-01",NULL,"4","Accessories","37","Tires and Tubes","Touring Tire Tube"
"477","28","1.8663","NA","4.99",NULL,NULL,"2.994",NULL,"Water Bottle","2022-07-01",NULL,"4","Accessories","28","Bottles and Cages","Water Bottle - 30 oz."
"217","31","13.0863","Black","34.99",NULL,NULL,"20.994",NULL,"Sport-100","2022-07-01",NULL,"4","Accessories","31","Helmets","Sport-100 Helmet, Black"
"216","31","13.8782","Black","33.6442",NULL,NULL,"20.1865",NULL,"Sport-100","2021-07-01","00:00.0","4","Accessories","31","Helmets","Sport-100 Helmet, Black"
"215","31","12.0278","Black","33.6442",NULL,NULL,"20.1865",NULL,"Sport-100","2020-07-01","00:00.0","4","Accessories","31","Helmets","Sport-100 Helmet, Black"
"214","31","13.0863","Red","34.99",NULL,NULL,"20.994",NULL,"Sport-100","2022-07-01",NULL,"4","Accessories","31","Helmets","Sport-100 Helmet, Red"
"213","31","13.8782","Red","33.6442",NULL,NULL,"20.1865",NULL,"Sport-100","2021-07-01","00:00.0","4","Accessories","31","Helmets","Sport-100 Helmet, Red"
"212","31","12.0278","Red","33.6442",NULL,NULL,"20.1865",NULL,"Sport-100","2020-07-01","00:00.0","4","Accessories","31","Helmets","Sport-100 Helmet, Red"
"478","28","3.7363","NA","9.99",NULL,NULL,"5.994",NULL,"Mountain Bottle Cage","2022-07-01",NULL,"4","Accessories","28","Bottles and Cages","Mountain Bottle Cage"
"479","28","3.3623","NA","8.99",NULL,NULL,"5.394",NULL,"Road Bottle Cage","2022-07-01",NULL,"4","Accessories","28","Bottles and Cages","Road Bottle Cage"
"480","37","0.8565","NA","2.29",NULL,NULL,"1.374",NULL,"Patch kit","2022-07-01",NULL,"4","Accessories","37","Tires and Tubes","Patch Kit/8 Patches"
"535","37","9.3463","NA","24.99",NULL,NULL,"14.994","L ","LL Mountain Tire","2022-07-01",NULL,"4","Accessories","37","Tires and Tubes","LL Mountain Tire"
"536","37","11.2163","NA","29.99",NULL,NULL,"17.994","M ","ML Mountain Tire","2022-07-01",NULL,"4","Accessories","37","Tires and Tubes","ML Mountain Tire"
"537","37","13.09","NA","35",NULL,NULL,"21","H ","HL Mountain Tire","2022-07-01",NULL,"4","Accessories","37","Tires and Tubes","HL Mountain Tire"
"538","37","8.0373","NA","21.49",NULL,NULL,"12.894","L ","LL Road Tire","2022-07-01",NULL,"4","Accessories","37","Tires and Tubes","LL Road Tire"
"539","37","9.3463","NA","24.99",NULL,NULL,"14.994","M ","ML Road Tire","2022-07-01",NULL,"4","Accessories","37","Tires and Tubes","ML Road Tire"
"540","37","12.1924","NA","32.6",NULL,NULL,"19.56","H ","HL Road Tire","2022-07-01",NULL,"4","Accessories","37","Tires and Tubes","HL Road Tire"
"541","37","10.8423","NA","28.99",NULL,NULL,"17.394",NULL,"Touring Tire","2022-07-01",NULL,"4","Accessories","37","Tires and Tubes","Touring Tire"
"486","27","59.466","NA","159",NULL,NULL,"95.4",NULL,"All-Purpose Bike Stand","2022-07-01",NULL,"4","Accessories","27","Bike Stands","All-Purpose Bike Stand"
"452","33","18.5584","NA","44.99",NULL,NULL,"26.994",NULL,"Headlights - Weatherproof","2021-07-01","00:00.0","4","Accessories","33","Lights","Headlights - Weatherproof"
"451","33","14.4334","NA","34.99",NULL,NULL,"20.994",NULL,"Headlights - Dual-Beam",NULL,NULL,"4","Accessories","33","Lights","Headlights - Dual-Beam"
"450","33","5.7709","NA","13.99",NULL,NULL,"8.394",NULL,"Taillight",NULL,NULL,"4","Accessories","33","Lights","Taillights - Battery-Powered"
"449","36","10.3084","NA","24.99",NULL,NULL,"14.994",NULL,"Mountain Pump","2021-07-01","00:00.0","4","Accessories","36","Pumps","Mountain Pump"
"448","36","8.2459","NA","19.99",NULL,NULL,"11.994",NULL,"Minipump","2021-07-01","00:00.0","4","Accessories","36","Pumps","Minipump"
"447","34","10.3125","NA","25",NULL,NULL,"15",NULL,"Cable Lock",NULL,NULL,"4","Accessories","34","Locks","Cable Lock"
"446","35","51.5625","Grey","125",NULL,NULL,"75",NULL,"Touring-Panniers","2021-07-01","00:00.0","4","Accessories","35","Panniers","Touring-Panniers, Large"
"487","32","20.5663","Silver","54.99","70",NULL,"32.994",NULL,"Hydration Pack","2022-07-01",NULL,"4","Accessories","32","Hydration Packs","Hydration Pack - 70 oz."
"483","26","44.88","NA","120",NULL,NULL,"72",NULL,"Hitch Rack - 4-Bike","2022-07-01",NULL,"4","Accessories","26","Bike Racks","Hitch Rack - 4-Bike"
"484","29","2.9733","NA","7.95",NULL,NULL,"4.77",NULL,"Bike Wash","2022-07-01",NULL,"4","Accessories","29","Cleaners","Bike Wash - Dissolver"
"485","30","8.2205","NA","21.98",NULL,NULL,"13.188",NULL,"Fender Set - Mountain","2022-07-01",NULL,"4","Accessories","30","Fenders","Fender Set - Mountain"
"528","37","1.8663","NA","4.99",NULL,NULL,"2.994",NULL,"Mountain Tire Tube","2022-07-01",NULL,"4","Accessories","37","Tires and Tubes","Mountain Tire Tube"
"529","37","1.4923","NA","3.99",NULL,NULL,"2.394",NULL,"Road Tire Tube","2022-07-01",NULL,"4","Accessories","37","Tires and Tubes","Road Tire Tube"
